time,waterTemperature_noaa,waterTemperature_sg
2018-08-24T00:00:00+00:00,25.84,28.85
2018-08-24T01:00:00+00:00,25.41,28.83
2018-08-24T02:00:00+00:00,24.97,28.81
2018-08-24T03:00:00+00:00,24.54,28.79
2018-08-24T04:00:00+00:00,24.14,28.77
2018-08-24T05:00:00+00:00,23.74,28.76
2018-08-24T06:00:00+00:00,23.34,28.74
2018-08-24T07:00:00+00:00,23.22,28.72
2018-08-24T08:00:00+00:00,23.11,28.71
2018-08-24T09:00:00+00:00,22.99,28.69
2018-08-24T10:00:00+00:00,23.08,28.67
2018-08-24T11:00:00+00:00,23.17,28.66
2018-08-24T12:00:00+00:00,23.27,28.65
2018-08-24T13:00:00+00:00,25.04,28.65
2018-08-24T14:00:00+00:00,26.82,28.69
2018-08-24T15:00:00+00:00,28.59,28.75
2018-08-24T16:00:00+00:00,29.23,28.82
2018-08-24T17:00:00+00:00,29.86,28.87
2018-08-24T18:00:00+00:00,30.49,28.91
2018-08-24T19:00:00+00:00,29.8,28.93
2018-08-24T20:00:00+00:00,29.1,28.95
2018-08-24T21:00:00+00:00,28.41,28.95
2018-08-24T22:00:00+00:00,27.28,28.94
2018-08-24T23:00:00+00:00,26.14,28.91
2018-08-25T00:00:00+00:00,25.01,28.17
2018-08-25T01:00:00+00:00,24.8,28.17
2018-08-25T02:00:00+00:00,24.59,28.16
2018-08-25T03:00:00+00:00,24.39,28.15
2018-08-25T04:00:00+00:00,24.14,28.14
2018-08-25T05:00:00+00:00,23.9,28.13
2018-08-25T06:00:00+00:00,23.65,28.13
2018-08-25T07:00:00+00:00,23.42,28.12
2018-08-25T08:00:00+00:00,23.18,28.11
2018-08-25T09:00:00+00:00,22.95,28.11
2018-08-25T10:00:00+00:00,23.18,28.1
2018-08-25T11:00:00+00:00,23.41,28.09
2018-08-25T12:00:00+00:00,23.63,28.08
2018-08-25T13:00:00+00:00,25.47,28.08
2018-08-25T14:00:00+00:00,27.31,28.1
2018-08-25T15:00:00+00:00,29.15,28.15
2018-08-25T16:00:00+00:00,30.23,28.2
2018-08-25T17:00:00+00:00,31.31,28.26
2018-08-25T18:00:00+00:00,32.39,28.33
2018-08-25T19:00:00+00:00,31.72,28.4
2018-08-25T20:00:00+00:00,31.05,28.43
2018-08-25T21:00:00+00:00,30.38,28.45
2018-08-25T22:00:00+00:00,28.68,28.45
2018-08-25T23:00:00+00:00,26.98,28.42
2018-08-26T00:00:00+00:00,25.28,28.24
2018-08-26T01:00:00+00:00,24.85,28.23
2018-08-26T02:00:00+00:00,24.41,28.21
2018-08-26T03:00:00+00:00,23.98,28.2
2018-08-26T04:00:00+00:00,24.1,28.19
2018-08-26T05:00:00+00:00,24.22,28.17
2018-08-26T06:00:00+00:00,24.34,28.17
2018-08-26T07:00:00+00:00,23.91,28.16
2018-08-26T08:00:00+00:00,23.49,28.15
2018-08-26T09:00:00+00:00,23.07,28.14
2018-08-26T10:00:00+00:00,23.6,28.13
2018-08-26T11:00:00+00:00,24.12,28.12
2018-08-26T12:00:00+00:00,24.65,28.11
2018-08-26T13:00:00+00:00,26.89,28.11
2018-08-26T14:00:00+00:00,29.13,28.11
2018-08-26T15:00:00+00:00,31.38,28.14
2018-08-26T16:00:00+00:00,32.18,28.16
2018-08-26T17:00:00+00:00,32.99,28.19
2018-08-26T18:00:00+00:00,33.8,28.23
2018-08-26T19:00:00+00:00,32.88,28.27
2018-08-26T20:00:00+00:00,31.96,28.25
2018-08-26T21:00:00+00:00,31.04,28.26
2018-08-26T22:00:00+00:00,29.15,28.25
2018-08-26T23:00:00+00:00,27.26,28.24
2018-08-27T00:00:00+00:00,25.38,28.32
2018-08-27T01:00:00+00:00,24.95,28.3
2018-08-27T02:00:00+00:00,24.53,28.28
2018-08-27T03:00:00+00:00,24.1,28.27
2018-08-27T04:00:00+00:00,23.9,28.26
2018-08-27T05:00:00+00:00,23.69,28.24
2018-08-27T06:00:00+00:00,23.49,28.23
2018-08-27T07:00:00+00:00,23.32,28.22
2018-08-27T08:00:00+00:00,23.16,28.2
2018-08-27T09:00:00+00:00,23.0,28.19
2018-08-27T10:00:00+00:00,23.63,28.18
2018-08-27T11:00:00+00:00,24.25,28.16
2018-08-27T12:00:00+00:00,24.88,28.15
2018-08-27T13:00:00+00:00,28.11,28.15
2018-08-27T14:00:00+00:00,31.35,28.16
2018-08-27T15:00:00+00:00,34.58,28.19
2018-08-27T16:00:00+00:00,34.44,28.24
2018-08-27T17:00:00+00:00,34.29,28.3
2018-08-27T18:00:00+00:00,34.15,28.35
2018-08-27T19:00:00+00:00,33.09,28.39
2018-08-27T20:00:00+00:00,32.04,28.41
2018-08-27T21:00:00+00:00,30.98,28.42
2018-08-27T22:00:00+00:00,29.22,28.4
2018-08-27T23:00:00+00:00,27.46,28.36
2018-08-28T00:00:00+00:00,25.7,28.08
2018-08-28T01:00:00+00:00,25.51,28.07
2018-08-28T02:00:00+00:00,25.32,28.05
2018-08-28T03:00:00+00:00,25.13,28.03
2018-08-28T04:00:00+00:00,24.94,28.02
2018-08-28T05:00:00+00:00,24.75,28.01
2018-08-28T06:00:00+00:00,24.56,27.99
2018-08-28T07:00:00+00:00,24.38,27.98
2018-08-28T08:00:00+00:00,24.21,27.97
2018-08-28T09:00:00+00:00,24.03,27.95
2018-08-28T10:00:00+00:00,24.58,27.94
2018-08-28T11:00:00+00:00,25.14,27.93
2018-08-28T12:00:00+00:00,25.7,27.92
2018-08-28T13:00:00+00:00,28.09,27.92
2018-08-28T14:00:00+00:00,30.49,27.93
2018-08-28T15:00:00+00:00,32.88,27.99
2018-08-28T16:00:00+00:00,32.02,28.06
2018-08-28T17:00:00+00:00,31.15,28.12
2018-08-28T18:00:00+00:00,30.29,28.19
2018-08-28T19:00:00+00:00,30.53,28.23
2018-08-28T20:00:00+00:00,30.77,28.26
2018-08-28T21:00:00+00:00,31.01,28.26
2018-08-28T22:00:00+00:00,29.49,28.24
2018-08-28T23:00:00+00:00,27.97,28.2
2018-08-29T00:00:00+00:00,26.45,27.9
2018-08-29T01:00:00+00:00,26.19,27.88
2018-08-29T02:00:00+00:00,25.92,27.87
2018-08-29T03:00:00+00:00,25.65,27.85
2018-08-29T04:00:00+00:00,25.51,27.84
2018-08-29T05:00:00+00:00,25.37,27.83
2018-08-29T06:00:00+00:00,25.23,27.82
2018-08-29T07:00:00+00:00,25.06,27.82
2018-08-29T08:00:00+00:00,24.9,27.81
2018-08-29T09:00:00+00:00,24.74,27.8
2018-08-29T10:00:00+00:00,25.34,27.79
2018-08-29T11:00:00+00:00,25.95,27.78
2018-08-29T12:00:00+00:00,26.55,27.77
2018-08-29T13:00:00+00:00,28.23,27.77
2018-08-29T14:00:00+00:00,29.91,27.77
2018-08-29T15:00:00+00:00,31.59,27.79
2018-08-29T16:00:00+00:00,32.16,27.8
2018-08-29T17:00:00+00:00,32.72,27.82
2018-08-29T18:00:00+00:00,33.29,27.87
2018-08-29T19:00:00+00:00,32.52,27.88
2018-08-29T20:00:00+00:00,31.75,27.91
2018-08-29T21:00:00+00:00,30.98,27.9
2018-08-29T22:00:00+00:00,29.51,27.89
2018-08-29T23:00:00+00:00,28.04,27.88
2018-08-30T00:00:00+00:00,26.57,27.98
2018-08-30T01:00:00+00:00,26.41,27.97
2018-08-30T02:00:00+00:00,26.26,27.95
2018-08-30T03:00:00+00:00,26.11,27.94
2018-08-30T04:00:00+00:00,25.99,27.92
2018-08-30T05:00:00+00:00,25.86,27.91
2018-08-30T06:00:00+00:00,25.73,27.9
2018-08-30T07:00:00+00:00,25.54,27.89
2018-08-30T08:00:00+00:00,25.36,27.88
2018-08-30T09:00:00+00:00,25.17,27.87
2018-08-30T10:00:00+00:00,25.69,27.87
2018-08-30T11:00:00+00:00,26.22,27.86
2018-08-30T12:00:00+00:00,26.74,27.86
2018-08-30T13:00:00+00:00,28.32,27.86
2018-08-30T14:00:00+00:00,29.9,27.89
2018-08-30T15:00:00+00:00,31.48,27.95
2018-08-30T16:00:00+00:00,32.1,28.02
2018-08-30T17:00:00+00:00,32.73,28.08
2018-08-30T18:00:00+00:00,33.35,28.15
2018-08-30T19:00:00+00:00,32.59,28.19
2018-08-30T20:00:00+00:00,31.83,28.22
2018-08-30T21:00:00+00:00,31.07,28.22
2018-08-30T22:00:00+00:00,29.44,28.2
2018-08-30T23:00:00+00:00,27.81,28.17
2018-08-31T00:00:00+00:00,26.18,27.94
2018-08-31T01:00:00+00:00,26.03,27.92
2018-08-31T02:00:00+00:00,25.88,27.91
2018-08-31T03:00:00+00:00,25.73,27.9
2018-08-31T04:00:00+00:00,25.58,27.89
2018-08-31T05:00:00+00:00,25.43,27.88
2018-08-31T06:00:00+00:00,25.28,27.87
2018-08-31T07:00:00+00:00,25.2,27.86
2018-08-31T08:00:00+00:00,25.11,27.85
2018-08-31T09:00:00+00:00,25.03,27.85
2018-08-31T10:00:00+00:00,25.6,27.84
2018-08-31T11:00:00+00:00,26.17,27.83
2018-08-31T12:00:00+00:00,26.74,27.83
2018-08-31T13:00:00+00:00,28.6,27.84
2018-08-31T14:00:00+00:00,30.46,27.88
2018-08-31T15:00:00+00:00,32.33,27.93
2018-08-31T16:00:00+00:00,32.58,28.01
2018-08-31T17:00:00+00:00,32.83,28.09
2018-08-31T18:00:00+00:00,33.09,28.17
2018-08-31T19:00:00+00:00,32.4,28.23
2018-08-31T20:00:00+00:00,31.71,28.27
2018-08-31T21:00:00+00:00,31.02,28.28
2018-08-31T22:00:00+00:00,29.53,28.26
2018-08-31T23:00:00+00:00,28.04,28.22
2018-09-01T00:00:00+00:00,26.55,27.89
2018-09-01T01:00:00+00:00,26.24,27.88
2018-09-01T02:00:00+00:00,25.94,27.88
2018-09-01T03:00:00+00:00,25.63,27.88
2018-09-01T04:00:00+00:00,25.51,27.87
2018-09-01T05:00:00+00:00,25.39,27.87
2018-09-01T06:00:00+00:00,25.27,27.87
2018-09-01T07:00:00+00:00,25.19,27.87
2018-09-01T08:00:00+00:00,25.1,27.87
2018-09-01T09:00:00+00:00,25.02,27.87
2018-09-01T10:00:00+00:00,25.6,27.87
2018-09-01T11:00:00+00:00,26.17,27.86
2018-09-01T12:00:00+00:00,26.74,27.87
2018-09-01T13:00:00+00:00,28.49,27.87
2018-09-01T14:00:00+00:00,30.24,27.91
2018-09-01T15:00:00+00:00,31.99,27.95
2018-09-01T16:00:00+00:00,32.26,28.0
2018-09-01T17:00:00+00:00,32.54,28.06
2018-09-01T18:00:00+00:00,32.81,28.11
2018-09-01T19:00:00+00:00,32.2,28.15
2018-09-01T20:00:00+00:00,31.58,28.17
2018-09-01T21:00:00+00:00,30.96,28.18
2018-09-01T22:00:00+00:00,29.3,28.17
2018-09-01T23:00:00+00:00,27.64,28.16
2018-09-02T00:00:00+00:00,25.98,28.16
2018-09-02T01:00:00+00:00,25.74,28.14
2018-09-02T02:00:00+00:00,25.51,28.13
2018-09-02T03:00:00+00:00,25.27,28.13
2018-09-02T04:00:00+00:00,25.26,28.12
2018-09-02T05:00:00+00:00,25.25,28.11
2018-09-02T06:00:00+00:00,25.23,28.11
2018-09-02T07:00:00+00:00,24.81,28.1
2018-09-02T08:00:00+00:00,24.38,28.1
2018-09-02T09:00:00+00:00,23.96,28.09
2018-09-02T10:00:00+00:00,24.6,28.09
2018-09-02T11:00:00+00:00,25.24,28.08
2018-09-02T12:00:00+00:00,25.89,28.08
2018-09-02T13:00:00+00:00,27.54,28.09
2018-09-02T14:00:00+00:00,29.18,28.12
2018-09-02T15:00:00+00:00,30.83,28.14
2018-09-02T16:00:00+00:00,31.3,28.22
2018-09-02T17:00:00+00:00,31.77,28.3
2018-09-02T18:00:00+00:00,32.24,28.36
2018-09-02T19:00:00+00:00,31.42,28.42
2018-09-02T20:00:00+00:00,30.6,28.41
2018-09-02T21:00:00+00:00,29.78,28.42
2018-09-02T22:00:00+00:00,28.53,28.41
2018-09-02T23:00:00+00:00,27.28,28.38
2018-09-03T00:00:00+00:00,26.03,28.52
time,waterTemperature_noaa,waterTemperature_sg
2019-08-24T00:00:00+00:00,27.65,29.84
2019-08-24T01:00:00+00:00,27.67,29.81
2019-08-24T02:00:00+00:00,27.69,29.79
2019-08-24T03:00:00+00:00,27.71,29.77
2019-08-24T04:00:00+00:00,27.52,29.76
2019-08-24T05:00:00+00:00,27.33,29.74
2019-08-24T06:00:00+00:00,27.14,29.72
2019-08-24T07:00:00+00:00,26.74,29.7
2019-08-24T08:00:00+00:00,26.34,29.69
2019-08-24T09:00:00+00:00,25.94,29.67
2019-08-24T10:00:00+00:00,25.98,29.66
2019-08-24T11:00:00+00:00,26.01,29.64
2019-08-24T12:00:00+00:00,26.05,29.63
2019-08-24T13:00:00+00:00,27.05,29.63
2019-08-24T14:00:00+00:00,28.05,29.67
2019-08-24T15:00:00+00:00,29.05,29.74
2019-08-24T16:00:00+00:00,29.18,29.81
2019-08-24T17:00:00+00:00,29.32,29.88
2019-08-24T18:00:00+00:00,29.45,29.93
2019-08-24T19:00:00+00:00,28.95,29.95
2019-08-24T20:00:00+00:00,28.45,29.97
2019-08-24T21:00:00+00:00,27.95,29.96
2019-08-24T22:00:00+00:00,27.15,29.93
2019-08-24T23:00:00+00:00,26.34,29.89
2019-08-25T00:00:00+00:00,25.53,29.22
2019-08-25T01:00:00+00:00,25.37,29.21
2019-08-25T02:00:00+00:00,25.21,29.2
2019-08-25T03:00:00+00:00,25.05,29.19
2019-08-25T04:00:00+00:00,24.84,29.17
2019-08-25T05:00:00+00:00,24.63,29.15
2019-08-25T06:00:00+00:00,24.43,29.13
2019-08-25T07:00:00+00:00,24.27,29.11
2019-08-25T08:00:00+00:00,24.11,29.09
2019-08-25T09:00:00+00:00,23.95,29.07
2019-08-25T10:00:00+00:00,24.12,29.06
2019-08-25T11:00:00+00:00,24.29,29.03
2019-08-25T12:00:00+00:00,24.45,29.01
2019-08-25T13:00:00+00:00,25.42,28.99
2019-08-25T14:00:00+00:00,26.38,28.98
2019-08-25T15:00:00+00:00,27.35,28.98
2019-08-25T16:00:00+00:00,27.93,28.99
2019-08-25T17:00:00+00:00,28.52,29.02
2019-08-25T18:00:00+00:00,29.11,29.05
2019-08-25T19:00:00+00:00,28.51,29.08
2019-08-25T20:00:00+00:00,27.91,29.1
2019-08-25T21:00:00+00:00,27.31,29.11
2019-08-25T22:00:00+00:00,26.4,29.1
2019-08-25T23:00:00+00:00,25.5,29.09
2019-08-26T00:00:00+00:00,24.59,28.72
2019-08-26T01:00:00+00:00,24.32,28.71
2019-08-26T02:00:00+00:00,24.04,28.7
2019-08-26T03:00:00+00:00,23.76,28.69
2019-08-26T04:00:00+00:00,23.93,28.68
2019-08-26T05:00:00+00:00,24.09,28.67
2019-08-26T06:00:00+00:00,24.25,28.66
2019-08-26T07:00:00+00:00,23.95,28.65
2019-08-26T08:00:00+00:00,23.66,28.64
2019-08-26T09:00:00+00:00,23.36,28.63
2019-08-26T10:00:00+00:00,23.5,28.62
2019-08-26T11:00:00+00:00,23.63,28.61
2019-08-26T12:00:00+00:00,23.76,28.6
2019-08-26T13:00:00+00:00,25.04,28.6
2019-08-26T14:00:00+00:00,26.33,28.6
2019-08-26T15:00:00+00:00,27.61,28.64
2019-08-26T16:00:00+00:00,28.63,28.67
2019-08-26T17:00:00+00:00,29.65,28.72
2019-08-26T18:00:00+00:00,30.67,28.72
2019-08-26T19:00:00+00:00,30.19,28.74
2019-08-26T20:00:00+00:00,29.71,28.74
2019-08-26T21:00:00+00:00,29.23,28.73
2019-08-26T22:00:00+00:00,27.94,28.72
2019-08-26T23:00:00+00:00,26.64,28.72
2019-08-27T00:00:00+00:00,25.34,29.16
2019-08-27T01:00:00+00:00,24.93,29.14
2019-08-27T02:00:00+00:00,24.51,29.13
2019-08-27T03:00:00+00:00,24.09,29.11
2019-08-27T04:00:00+00:00,23.91,29.1
2019-08-27T05:00:00+00:00,23.73,29.09
2019-08-27T06:00:00+00:00,23.54,29.08
2019-08-27T07:00:00+00:00,23.31,29.07
2019-08-27T08:00:00+00:00,23.08,29.06
2019-08-27T09:00:00+00:00,22.84,29.04
2019-08-27T10:00:00+00:00,23.03,29.03
2019-08-27T11:00:00+00:00,23.21,29.02
2019-08-27T12:00:00+00:00,23.4,29.01
2019-08-27T13:00:00+00:00,25.24,29.0
2019-08-27T14:00:00+00:00,27.09,29.01
2019-08-27T15:00:00+00:00,28.93,29.04
2019-08-27T16:00:00+00:00,30.18,29.06
2019-08-27T17:00:00+00:00,31.42,29.09
2019-08-27T18:00:00+00:00,32.67,29.14
2019-08-27T19:00:00+00:00,32.21,29.18
2019-08-27T20:00:00+00:00,31.76,29.2
2019-08-27T21:00:00+00:00,31.3,29.21
2019-08-27T22:00:00+00:00,29.37,29.21
2019-08-27T23:00:00+00:00,27.43,29.19
2019-08-28T00:00:00+00:00,25.5,29.17
2019-08-28T01:00:00+00:00,25.31,29.15
2019-08-28T02:00:00+00:00,25.11,29.13
2019-08-28T03:00:00+00:00,24.92,29.11
2019-08-28T04:00:00+00:00,24.74,29.1
2019-08-28T05:00:00+00:00,24.55,29.08
2019-08-28T06:00:00+00:00,24.37,29.07
2019-08-28T07:00:00+00:00,24.22,29.05
2019-08-28T08:00:00+00:00,24.08,29.03
2019-08-28T09:00:00+00:00,23.94,29.01
2019-08-28T10:00:00+00:00,24.3,29.0
2019-08-28T11:00:00+00:00,24.66,28.98
2019-08-28T12:00:00+00:00,25.03,28.96
2019-08-28T13:00:00+00:00,26.94,28.95
2019-08-28T14:00:00+00:00,28.86,28.95
2019-08-28T15:00:00+00:00,30.77,28.97
2019-08-28T16:00:00+00:00,31.39,29.0
2019-08-28T17:00:00+00:00,32.01,29.05
2019-08-28T18:00:00+00:00,32.62,29.08
2019-08-28T19:00:00+00:00,31.3,29.11
2019-08-28T20:00:00+00:00,29.99,29.12
2019-08-28T21:00:00+00:00,28.67,29.11
2019-08-28T22:00:00+00:00,27.68,29.1
2019-08-28T23:00:00+00:00,26.7,29.08
2019-08-29T00:00:00+00:00,25.71,28.78
2019-08-29T01:00:00+00:00,25.47,28.76
2019-08-29T02:00:00+00:00,25.23,28.75
2019-08-29T03:00:00+00:00,25.0,28.74
2019-08-29T04:00:00+00:00,24.78,28.73
2019-08-29T05:00:00+00:00,24.57,28.72
2019-08-29T06:00:00+00:00,24.35,28.71
2019-08-29T07:00:00+00:00,24.16,28.7
2019-08-29T08:00:00+00:00,23.97,28.69
2019-08-29T09:00:00+00:00,23.79,28.68
2019-08-29T10:00:00+00:00,23.92,28.67
2019-08-29T11:00:00+00:00,24.05,28.66
2019-08-29T12:00:00+00:00,24.18,28.66
2019-08-29T13:00:00+00:00,25.82,28.66
2019-08-29T14:00:00+00:00,27.45,28.67
2019-08-29T15:00:00+00:00,29.08,28.73
2019-08-29T16:00:00+00:00,30.0,28.8
2019-08-29T17:00:00+00:00,30.93,28.85
2019-08-29T18:00:00+00:00,31.85,28.89
2019-08-29T19:00:00+00:00,31.15,28.91
2019-08-29T20:00:00+00:00,30.45,28.92
2019-08-29T21:00:00+00:00,29.75,28.93
2019-08-29T22:00:00+00:00,28.25,28.91
2019-08-29T23:00:00+00:00,26.74,28.89
2019-08-30T00:00:00+00:00,25.24,28.33
2019-08-30T01:00:00+00:00,25.01,28.32
2019-08-30T02:00:00+00:00,24.78,28.31
2019-08-30T03:00:00+00:00,24.56,28.3
2019-08-30T04:00:00+00:00,24.45,28.3
2019-08-30T05:00:00+00:00,24.35,28.28
2019-08-30T06:00:00+00:00,24.24,28.26
2019-08-30T07:00:00+00:00,23.97,28.26
2019-08-30T08:00:00+00:00,23.69,28.24
2019-08-30T09:00:00+00:00,23.41,28.22
2019-08-30T10:00:00+00:00,23.93,28.2
2019-08-30T11:00:00+00:00,24.45,28.18
2019-08-30T12:00:00+00:00,24.97,28.17
2019-08-30T13:00:00+00:00,26.49,28.16
2019-08-30T14:00:00+00:00,28.01,28.17
2019-08-30T15:00:00+00:00,29.53,28.2
2019-08-30T16:00:00+00:00,29.84,28.25
2019-08-30T17:00:00+00:00,30.16,28.31
2019-08-30T18:00:00+00:00,30.47,28.36
2019-08-30T19:00:00+00:00,29.95,28.41
2019-08-30T20:00:00+00:00,29.44,28.45
2019-08-30T21:00:00+00:00,28.92,28.47
2019-08-30T22:00:00+00:00,27.89,28.46
2019-08-30T23:00:00+00:00,26.86,28.43
2019-08-31T00:00:00+00:00,25.83,29.08
2019-08-31T01:00:00+00:00,25.67,29.06
2019-08-31T02:00:00+00:00,25.51,29.04
2019-08-31T03:00:00+00:00,25.36,29.02
2019-08-31T04:00:00+00:00,25.24,29.01
2019-08-31T05:00:00+00:00,25.12,28.99
2019-08-31T06:00:00+00:00,25.01,28.98
2019-08-31T07:00:00+00:00,24.85,28.97
2019-08-31T08:00:00+00:00,24.68,28.96
2019-08-31T09:00:00+00:00,24.52,28.95
2019-08-31T10:00:00+00:00,24.96,28.94
2019-08-31T11:00:00+00:00,25.41,28.93
2019-08-31T12:00:00+00:00,25.85,28.93
2019-08-31T13:00:00+00:00,26.99,28.93
2019-08-31T14:00:00+00:00,28.14,28.96
2019-08-31T15:00:00+00:00,29.28,29.02
2019-08-31T16:00:00+00:00,28.91,29.09
2019-08-31T17:00:00+00:00,28.55,29.15
2019-08-31T18:00:00+00:00,28.19,29.2
2019-08-31T19:00:00+00:00,27.29,29.23
2019-08-31T20:00:00+00:00,26.39,29.24
2019-08-31T21:00:00+00:00,25.5,29.24
2019-08-31T22:00:00+00:00,25.69,29.22
2019-08-31T23:00:00+00:00,25.88,29.19
2019-09-01T00:00:00+00:00,26.07,28.27
2019-09-01T01:00:00+00:00,25.78,28.25
2019-09-01T02:00:00+00:00,25.48,28.24
2019-09-01T03:00:00+00:00,25.19,28.22
2019-09-01T04:00:00+00:00,25.21,28.21
2019-09-01T05:00:00+00:00,25.23,28.2
2019-09-01T06:00:00+00:00,25.25,28.18
2019-09-01T07:00:00+00:00,25.35,28.17
2019-09-01T08:00:00+00:00,25.45,28.16
2019-09-01T09:00:00+00:00,25.55,28.14
2019-09-01T10:00:00+00:00,25.52,28.13
2019-09-01T11:00:00+00:00,25.48,28.12
2019-09-01T12:00:00+00:00,25.45,28.1
2019-09-01T13:00:00+00:00,25.91,28.1
2019-09-01T14:00:00+00:00,26.37,28.1
2019-09-01T15:00:00+00:00,26.82,28.09
2019-09-01T16:00:00+00:00,26.85,28.1
2019-09-01T17:00:00+00:00,26.88,28.1
2019-09-01T18:00:00+00:00,26.9,28.1
2019-09-01T19:00:00+00:00,26.88,28.11
2019-09-01T20:00:00+00:00,26.87,28.11
2019-09-01T21:00:00+00:00,26.85,28.1
2019-09-01T22:00:00+00:00,26.37,28.1
2019-09-01T23:00:00+00:00,25.89,28.09
2019-09-02T00:00:00+00:00,25.4,28.07
2019-09-02T01:00:00+00:00,25.38,28.06
2019-09-02T02:00:00+00:00,25.36,28.05
2019-09-02T03:00:00+00:00,25.34,28.03
2019-09-02T04:00:00+00:00,25.34,28.02
2019-09-02T05:00:00+00:00,25.34,28.01
2019-09-02T06:00:00+00:00,25.34,27.99
2019-09-02T07:00:00+00:00,25.17,27.98
2019-09-02T08:00:00+00:00,25.0,27.97
2019-09-02T09:00:00+00:00,24.84,27.95
2019-09-02T10:00:00+00:00,25.13,27.94
2019-09-02T11:00:00+00:00,25.42,27.93
2019-09-02T12:00:00+00:00,25.71,27.92
2019-09-02T13:00:00+00:00,27.09,27.91
2019-09-02T14:00:00+00:00,28.47,27.9
2019-09-02T15:00:00+00:00,29.86,27.89
2019-09-02T16:00:00+00:00,29.97,27.88
2019-09-02T17:00:00+00:00,30.07,27.87
2019-09-02T18:00:00+00:00,30.18,27.86
2019-09-02T19:00:00+00:00,29.14,27.86
2019-09-02T20:00:00+00:00,28.09,27.85
2019-09-02T21:00:00+00:00,27.05,27.84
2019-09-02T22:00:00+00:00,26.5,27.83
2019-09-02T23:00:00+00:00,25.94,27.82
2019-09-03T00:00:00+00:00,25.39,27.8
time,waterTemperature_noaa,waterTemperature_sg
2020-08-24T00:00:00+00:00,26.13,29.15
2020-08-24T01:00:00+00:00,26.1,29.15
2020-08-24T02:00:00+00:00,26.08,29.14
2020-08-24T03:00:00+00:00,26.05,29.13
2020-08-24T04:00:00+00:00,25.82,29.13
2020-08-24T05:00:00+00:00,25.58,29.12
2020-08-24T06:00:00+00:00,25.35,29.11
2020-08-24T07:00:00+00:00,25.28,29.1
2020-08-24T08:00:00+00:00,25.22,29.1
2020-08-24T09:00:00+00:00,25.15,29.08
2020-08-24T10:00:00+00:00,25.78,29.08
2020-08-24T11:00:00+00:00,26.42,29.07
2020-08-24T12:00:00+00:00,27.05,29.06
2020-08-24T13:00:00+00:00,28.22,29.06
2020-08-24T14:00:00+00:00,29.4,29.08
2020-08-24T15:00:00+00:00,30.57,29.15
2020-08-24T16:00:00+00:00,29.49,29.22
2020-08-24T17:00:00+00:00,28.41,29.31
2020-08-24T18:00:00+00:00,27.33,29.39
2020-08-24T19:00:00+00:00,27.27,29.45
2020-08-24T20:00:00+00:00,27.21,29.49
2020-08-24T21:00:00+00:00,27.14,29.5
2020-08-24T22:00:00+00:00,26.7,29.48
2020-08-24T23:00:00+00:00,26.26,29.44
2020-08-25T00:00:00+00:00,25.82,29.3
2020-08-25T01:00:00+00:00,25.82,29.28
2020-08-25T02:00:00+00:00,25.82,29.27
2020-08-25T03:00:00+00:00,25.82,29.26
2020-08-25T04:00:00+00:00,25.66,29.25
2020-08-25T05:00:00+00:00,25.49,29.25
2020-08-25T06:00:00+00:00,25.32,29.25
2020-08-25T07:00:00+00:00,25.3,29.24
2020-08-25T08:00:00+00:00,25.27,29.24
2020-08-25T09:00:00+00:00,25.24,29.24
2020-08-25T10:00:00+00:00,25.41,29.23
2020-08-25T11:00:00+00:00,25.58,29.23
2020-08-25T12:00:00+00:00,25.75,29.23
2020-08-25T13:00:00+00:00,27.03,29.23
2020-08-25T14:00:00+00:00,28.31,29.28
2020-08-25T15:00:00+00:00,29.6,29.35
2020-08-25T16:00:00+00:00,29.25,29.42
2020-08-25T17:00:00+00:00,28.9,29.49
2020-08-25T18:00:00+00:00,28.55,29.54
2020-08-25T19:00:00+00:00,28.77,29.58
2020-08-25T20:00:00+00:00,28.99,29.59
2020-08-25T21:00:00+00:00,29.21,29.59
2020-08-25T22:00:00+00:00,28.09,29.57
2020-08-25T23:00:00+00:00,26.97,29.55
2020-08-26T00:00:00+00:00,25.85,28.96
2020-08-26T01:00:00+00:00,25.86,28.96
2020-08-26T02:00:00+00:00,25.86,28.96
2020-08-26T03:00:00+00:00,25.87,28.96
2020-08-26T04:00:00+00:00,25.78,28.96
2020-08-26T05:00:00+00:00,25.69,28.95
2020-08-26T06:00:00+00:00,25.6,28.95
2020-08-26T07:00:00+00:00,25.3,28.95
2020-08-26T08:00:00+00:00,24.99,28.95
2020-08-26T09:00:00+00:00,24.69,28.94
2020-08-26T10:00:00+00:00,24.8,28.94
2020-08-26T11:00:00+00:00,24.91,28.94
2020-08-26T12:00:00+00:00,25.03,28.94
2020-08-26T13:00:00+00:00,26.9,28.94
2020-08-26T14:00:00+00:00,28.78,28.95
2020-08-26T15:00:00+00:00,30.65,28.97
2020-08-26T16:00:00+00:00,31.84,29.01
2020-08-26T17:00:00+00:00,33.02,29.04
2020-08-26T18:00:00+00:00,34.21,29.11
2020-08-26T19:00:00+00:00,32.76,29.19
2020-08-26T20:00:00+00:00,31.3,29.24
2020-08-26T21:00:00+00:00,29.85,29.26
2020-08-26T22:00:00+00:00,28.84,29.25
2020-08-26T23:00:00+00:00,27.83,29.23
2020-08-27T00:00:00+00:00,26.82,29.18
2020-08-27T01:00:00+00:00,26.61,29.16
2020-08-27T02:00:00+00:00,26.4,29.15
2020-08-27T03:00:00+00:00,26.19,29.13
2020-08-27T04:00:00+00:00,26.07,29.12
2020-08-27T05:00:00+00:00,25.94,29.1
2020-08-27T06:00:00+00:00,25.81,29.09
2020-08-27T07:00:00+00:00,25.69,29.08
2020-08-27T08:00:00+00:00,25.56,29.06
2020-08-27T09:00:00+00:00,25.44,29.05
2020-08-27T10:00:00+00:00,25.98,29.04
2020-08-27T11:00:00+00:00,26.52,29.02
2020-08-27T12:00:00+00:00,27.05,29.01
2020-08-27T13:00:00+00:00,28.59,29.01
2020-08-27T14:00:00+00:00,30.12,29.0
2020-08-27T15:00:00+00:00,31.65,29.0
2020-08-27T16:00:00+00:00,31.97,29.0
2020-08-27T17:00:00+00:00,32.3,29.0
2020-08-27T18:00:00+00:00,32.62,29.0
2020-08-27T19:00:00+00:00,32.2,29.0
2020-08-27T20:00:00+00:00,31.77,29.0
2020-08-27T21:00:00+00:00,31.35,29.0
2020-08-27T22:00:00+00:00,30.07,29.01
2020-08-27T23:00:00+00:00,28.8,29.01
2020-08-28T00:00:00+00:00,27.52,28.37
2020-08-28T01:00:00+00:00,27.56,28.34
2020-08-28T02:00:00+00:00,27.6,28.31
2020-08-28T03:00:00+00:00,27.64,28.28
2020-08-28T04:00:00+00:00,27.61,28.26
2020-08-28T05:00:00+00:00,27.58,28.23
2020-08-28T06:00:00+00:00,27.55,28.2
2020-08-28T07:00:00+00:00,27.28,28.17
2020-08-28T08:00:00+00:00,27.02,28.15
2020-08-28T09:00:00+00:00,26.75,28.13
2020-08-28T10:00:00+00:00,26.9,28.11
2020-08-28T11:00:00+00:00,27.05,28.08
2020-08-28T12:00:00+00:00,27.2,28.07
2020-08-28T13:00:00+00:00,28.64,28.06
2020-08-28T14:00:00+00:00,30.09,28.06
2020-08-28T15:00:00+00:00,31.53,28.08
2020-08-28T16:00:00+00:00,32.02,28.13
2020-08-28T17:00:00+00:00,32.51,28.2
2020-08-28T18:00:00+00:00,33.0,28.26
2020-08-28T19:00:00+00:00,32.45,28.31
2020-08-28T20:00:00+00:00,31.9,28.34
2020-08-28T21:00:00+00:00,31.35,28.34
2020-08-28T22:00:00+00:00,30.29,28.31
2020-08-28T23:00:00+00:00,29.22,28.28
2020-08-29T00:00:00+00:00,28.15,29.42
2020-08-29T01:00:00+00:00,28.08,29.41
2020-08-29T02:00:00+00:00,28.02,29.4
2020-08-29T03:00:00+00:00,27.95,29.39
2020-08-29T04:00:00+00:00,27.88,29.38
2020-08-29T05:00:00+00:00,27.82,29.36
2020-08-29T06:00:00+00:00,27.75,29.35
2020-08-29T07:00:00+00:00,27.48,29.34
2020-08-29T08:00:00+00:00,27.22,29.33
2020-08-29T09:00:00+00:00,26.95,29.31
2020-08-29T10:00:00+00:00,27.22,29.3
2020-08-29T11:00:00+00:00,27.48,29.29
2020-08-29T12:00:00+00:00,27.75,29.27
2020-08-29T13:00:00+00:00,28.9,29.27
2020-08-29T14:00:00+00:00,30.04,29.29
2020-08-29T15:00:00+00:00,31.19,29.33
2020-08-29T16:00:00+00:00,31.4,29.38
2020-08-29T17:00:00+00:00,31.6,29.46
2020-08-29T18:00:00+00:00,31.81,29.54
2020-08-29T19:00:00+00:00,31.35,29.61
2020-08-29T20:00:00+00:00,30.9,29.65
2020-08-29T21:00:00+00:00,30.44,29.66
2020-08-29T22:00:00+00:00,29.08,29.64
2020-08-29T23:00:00+00:00,27.71,29.61
2020-08-30T00:00:00+00:00,26.35,29.27
2020-08-30T01:00:00+00:00,26.24,29.26
2020-08-30T02:00:00+00:00,26.13,29.25
2020-08-30T03:00:00+00:00,26.01,29.24
2020-08-30T04:00:00+00:00,25.94,29.23
2020-08-30T05:00:00+00:00,25.87,29.22
2020-08-30T06:00:00+00:00,25.79,29.21
2020-08-30T07:00:00+00:00,25.65,29.2
2020-08-30T08:00:00+00:00,25.5,29.19
2020-08-30T09:00:00+00:00,25.36,29.18
2020-08-30T10:00:00+00:00,25.57,29.17
2020-08-30T11:00:00+00:00,25.77,29.16
2020-08-30T12:00:00+00:00,25.98,29.15
2020-08-30T13:00:00+00:00,27.42,29.15
2020-08-30T14:00:00+00:00,28.86,29.16
2020-08-30T15:00:00+00:00,30.29,29.22
2020-08-30T16:00:00+00:00,30.91,29.26
2020-08-30T17:00:00+00:00,31.53,29.33
2020-08-30T18:00:00+00:00,32.15,29.4
2020-08-30T19:00:00+00:00,31.42,29.45
2020-08-30T20:00:00+00:00,30.68,29.47
2020-08-30T21:00:00+00:00,29.95,29.47
2020-08-30T22:00:00+00:00,28.88,29.43
2020-08-30T23:00:00+00:00,27.82,29.41
2020-08-31T00:00:00+00:00,26.75,29.03
2020-08-31T01:00:00+00:00,26.69,29.02
2020-08-31T02:00:00+00:00,26.63,29.01
2020-08-31T03:00:00+00:00,26.56,29.0
2020-08-31T04:00:00+00:00,26.51,28.98
2020-08-31T05:00:00+00:00,26.46,28.97
2020-08-31T06:00:00+00:00,26.41,28.94
2020-08-31T07:00:00+00:00,26.47,28.91
2020-08-31T08:00:00+00:00,26.53,28.88
2020-08-31T09:00:00+00:00,26.59,28.85
2020-08-31T10:00:00+00:00,26.92,28.82
2020-08-31T11:00:00+00:00,27.25,28.78
2020-08-31T12:00:00+00:00,27.58,28.75
2020-08-31T13:00:00+00:00,28.37,28.72
2020-08-31T14:00:00+00:00,29.16,28.71
2020-08-31T15:00:00+00:00,29.95,28.72
2020-08-31T16:00:00+00:00,30.39,28.73
2020-08-31T17:00:00+00:00,30.83,28.76
2020-08-31T18:00:00+00:00,31.27,28.79
2020-08-31T19:00:00+00:00,30.82,28.82
2020-08-31T20:00:00+00:00,30.37,28.83
2020-08-31T21:00:00+00:00,29.92,28.84
2020-08-31T22:00:00+00:00,28.99,28.83
2020-08-31T23:00:00+00:00,28.06,28.82
2020-09-01T00:00:00+00:00,27.12,28.56
2020-09-01T01:00:00+00:00,26.9,28.53
2020-09-01T02:00:00+00:00,26.67,28.51
2020-09-01T03:00:00+00:00,26.44,28.48
2020-09-01T04:00:00+00:00,26.28,28.45
2020-09-01T05:00:00+00:00,26.11,28.43
2020-09-01T06:00:00+00:00,25.94,28.4
2020-09-01T07:00:00+00:00,25.83,28.37
2020-09-01T08:00:00+00:00,25.71,28.34
2020-09-01T09:00:00+00:00,25.6,28.31
2020-09-01T10:00:00+00:00,26.18,28.28
2020-09-01T11:00:00+00:00,26.77,28.25
2020-09-01T12:00:00+00:00,27.35,28.22
2020-09-01T13:00:00+00:00,28.94,28.2
2020-09-01T14:00:00+00:00,30.54,28.2
2020-09-01T15:00:00+00:00,32.13,28.21
2020-09-01T16:00:00+00:00,32.35,28.23
2020-09-01T17:00:00+00:00,32.57,28.27
2020-09-01T18:00:00+00:00,32.8,28.3
2020-09-01T19:00:00+00:00,32.28,28.34
2020-09-01T20:00:00+00:00,31.77,28.36
2020-09-01T21:00:00+00:00,31.25,28.37
2020-09-01T22:00:00+00:00,30.1,28.36
2020-09-01T23:00:00+00:00,28.95,28.36
2020-09-02T00:00:00+00:00,27.8,28.36
2020-09-02T01:00:00+00:00,27.52,28.36
2020-09-02T02:00:00+00:00,27.24,28.36
2020-09-02T03:00:00+00:00,26.96,28.36
2020-09-02T04:00:00+00:00,26.84,28.36
2020-09-02T05:00:00+00:00,26.72,28.36
2020-09-02T06:00:00+00:00,26.6,28.36
2020-09-02T07:00:00+00:00,26.48,28.36
2020-09-02T08:00:00+00:00,26.37,28.36
2020-09-02T09:00:00+00:00,26.25,28.36
2020-09-02T10:00:00+00:00,26.75,28.36
2020-09-02T11:00:00+00:00,27.25,28.36
2020-09-02T12:00:00+00:00,27.75,28.36
2020-09-02T13:00:00+00:00,29.49,28.36
2020-09-02T14:00:00+00:00,31.24,28.36
2020-09-02T15:00:00+00:00,32.98,28.36
2020-09-02T16:00:00+00:00,33.14,28.36
2020-09-02T17:00:00+00:00,33.3,28.36
2020-09-02T18:00:00+00:00,33.47,28.36
2020-09-02T19:00:00+00:00,32.32,28.36
2020-09-02T20:00:00+00:00,31.18,28.36
2020-09-02T21:00:00+00:00,30.03,28.36
2020-09-02T22:00:00+00:00,29.47,28.36
2020-09-02T23:00:00+00:00,28.91,28.36
2020-09-03T00:00:00+00:00,28.35,28.36
