soil_ph,soil_moisture,soil_temperature,total_N,fertilizer_type,nh3,log_nh3,log_totalN,Ref
5.3,17,19.4,872.1,1,268.9,5.594339563,6.770904096,ALFAM21
5.3,17,19.4,703.8,1,237.5,5.470167623,6.556494225,ALFAM21
5.3,17,19.4,872.1,1,224.7,5.414766179,6.770904096,ALFAM21
5.3,17,19.4,703.8,1,194.6,5.27094617,6.556494225,ALFAM21
5.3,17,19.4,703.8,1,193.1,5.263208189,6.556494225,ALFAM21
6.3,57,15.1,139.7,1,166.2,5.113191882,4.939497266,ALFAM21
5.5,47,6.7,181.9,1,151.3,5.019264621,5.203457086,ALFAM21
5.5,47,6.7,167.8,1,149,5.003946306,5.122772794,ALFAM21
6.3,57,15.2,139.7,1,135.3,4.907494535,4.939497266,ALFAM21
5.5,47,6.7,181.9,1,112.6,4.723841716,5.203457086,ALFAM21
5.5,47,6.7,181.9,1,104.1,4.645351976,5.203457086,ALFAM21
7.9,32.4,15.4,190.4,1,103.3,4.637637376,5.249127122,ALFAM21
7.9,32.4,15.4,190.4,1,74.5,4.310799125,5.249127122,ALFAM21
7.9,32.4,15.4,190.4,1,63.4,4.149463861,5.249127122,ALFAM21
7.9,32.4,15.4,190.4,1,58.7,4.072439727,5.249127122,ALFAM21
5.6,41,14,160.4,1,54.6,4.000033883,5.077670695,ALFAM21
8,25.9,5.8,221.4,1,54.1,3.990834186,5.39997102,ALFAM21
7.1,24.7,14.4,150,1,54,3.988984047,5.010635294,Webb et al.2
6.6,30,13.4,159.1,1,50.3,3.918005077,5.069532935,ALFAM21
6.4,24,9.7,150.2,1,47.5,3.860729711,5.011967739,ALFAM21
6.6,30,13.4,101.2,1,46.2,3.832979798,4.617098757,ALFAM21
6.4,24,9.7,139.7,1,43.4,3.770459441,4.939497266,ALFAM21
6.4,24,9.7,139.7,1,42.3,3.744787086,4.939497266,ALFAM21
6.4,24,9.7,150.2,1,41.6,3.728100167,5.011967739,ALFAM21
6.6,30,13.4,159.1,1,41.3,3.7208625,5.069532935,ALFAM21
8.3,40,18.6,119.3,0,40.6,3.703768067,4.781641329,Yang et al.3
6.4,24,9.7,111.7,1,39.5,3.676300672,4.715816706,ALFAM21
6.4,24,9.7,139.7,1,39.3,3.671224519,4.939497266,ALFAM21
7.9,32.4,15.4,190.4,1,39.1,3.666122467,5.249127122,ALFAM21
6.6,30,13.4,159.1,1,38.1,3.640214282,5.069532935,ALFAM21
6.6,30,13.4,115.5,1,37.2,3.616308761,4.74927053,ALFAM21
6.6,30,13.4,115.5,1,36.7,3.602776755,4.74927053,ALFAM21
6.4,24,9.7,150.2,1,36.1,3.586292865,5.011967739,ALFAM21
8.2,18.9,10.2,107,1,35.9,3.580737295,4.672828834,ALFAM21
7.9,32.4,15.4,190.4,1,35.4,3.56671182,5.249127122,ALFAM21
5.6,41,14,160.4,1,34.8,3.549617387,5.077670695,ALFAM21
5.6,41,14,160.4,1,34.5,3.540959324,5.077670695,ALFAM21
7.6,17.9,24.5,76,1,34.5,3.540959324,4.33073334,ALFAM21
6.4,24,9.7,111.7,1,33.9,3.523415014,4.715816706,ALFAM21
6.5,31,5.8,120.9,1,33.7,3.517497837,4.794963758,ALFAM21
6.6,30,13.4,95.7,1,33.7,3.517497837,4.561218298,ALFAM21
6.6,30,13.4,85.9,1,33.1,3.499533282,4.453183829,ALFAM21
6.6,30,13.4,101.2,1,33.1,3.499533282,4.617098757,ALFAM21
8,25.1,17.4,164.8,1,33.1,3.499533282,5.104732617,ALFAM21
8.3,22,23.2,174,0,32.8,3.490428515,5.159055299,Yang et al.4
6.4,24,9.7,142.8,1,32.7,3.487375078,4.96144505,ALFAM21
6.4,24,9.7,139.4,1,32.3,3.47506723,4.937347498,ALFAM21
5.5,47,6.7,167.8,1,31.7,3.456316681,5.122772794,ALFAM21
6.5,24,16.4,152.4,1,31.7,3.456316681,5.026508643,ALFAM21
6.4,14.5,12.6,223.4,1,31.6,3.453157121,5.408963887,ALFAM21
5.5,47,6.7,204.8,1,31.4,3.446807893,5.322033893,ALFAM21
6.4,14.5,12.9,223.4,1,31.2,3.440418095,5.408963887,ALFAM21
6.4,21,18.5,109,1,31.1,3.437207819,4.691347882,Carozzi et al.5
8,25.1,17.4,164.8,1,31.1,3.437207819,5.104732617,ALFAM21
6.6,30,13.4,95.7,1,30.9,3.430756184,4.561218298,ALFAM21
8.1,100,13.4,131.4,1,30.4,3.414442608,4.878246106,ALFAM21
6.5,31,5.8,120.9,1,30,3.401197382,4.794963758,ALFAM21
7.1,24.7,8.4,110,1,30,3.401197382,4.700480366,Webb et al.2
6.6,30,13.4,85.9,1,29.6,3.387774361,4.453183829,ALFAM21
6.6,30,13.4,101.2,1,29.1,3.370738174,4.617098757,ALFAM21
6.5,19,18.6,170,1,28.7,3.356897123,5.135798437,ALFAM21
5.8,31,15.2,208.1,1,28.4,3.346389145,5.338018733,ALFAM21
6.4,24,9.7,111.7,1,28.2,3.339321978,4.715816706,ALFAM21
7.9,100,18,125.1,1,28.1,3.335769576,4.829113417,ALFAM21
6.5,24,16.4,142.6,1,27.9,3.328626689,4.960043508,ALFAM21
6.5,24,16.4,142.6,1,27.6,3.317815773,4.960043508,ALFAM21
6.6,30,13.4,95.7,1,27.6,3.317815773,4.561218298,ALFAM21
6.4,24,9.7,142.8,1,27.3,3.306886702,4.96144505,ALFAM21
5.4,56.2,17.3,100,0,26.7,3.284663565,4.605170186,Salazar et al.6
6.5,24,16.4,142.6,1,26.7,3.284663565,4.960043508,ALFAM21
6.5,24,16.4,151.7,1,26.6,3.280911216,5.021904886,ALFAM21
7.1,13.8,12.8,188.3,1,26.4,3.27336401,5.238036436,ALFAM21
6.5,19,18.6,170,1,26.4,3.27336401,5.135798437,ALFAM21
7.1,17,11.2,95,1,26.4,3.27336401,4.553876892,Carozzi et al.5
5.8,31,16.2,199.9,1,26.2,3.265759411,5.297817242,ALFAM21
6.6,30,13.4,85.9,1,26.1,3.261935314,4.453183829,ALFAM21
6.5,24,16.4,145.2,1,26.1,3.261935314,4.978112102,ALFAM21
7.1,24.7,11.3,145,1,26,3.258096538,4.976733742,Webb et al.2
7.1,24.7,11.3,105,1,26,3.258096538,4.65396035,Webb et al.2
6.5,31,5.9,120.9,1,25.8,3.250374492,4.794963758,ALFAM21
6.6,30,13.4,115.5,1,25.8,3.250374492,4.74927053,ALFAM21
5.8,31,16.2,153.2,1,25.8,3.250374492,5.031744257,ALFAM21
6.1,50,10.6,100,0,25.7,3.246490992,4.605170186,Salazar et al.7
6.4,24,9.7,139.4,1,25.7,3.246490992,4.937347498,ALFAM21
8.3,22,23.2,174,0,24.3,3.19047635,5.159055299,Yang et al.3
8,25.9,5.8,221.4,1,24.2,3.186352633,5.39997102,ALFAM21
6.1,20,23.3,150,1,24.2,3.186352633,5.010635294,ALFAM21
6.4,24,9.7,139.4,1,24,3.17805383,4.937347498,ALFAM21
6.6,45,9.1,180,1,24,3.17805383,5.192956851,Wolf et al.8
6.5,24,16.4,152.4,1,24,3.17805383,5.026508643,ALFAM21
8,25.1,17.4,164.8,1,23.7,3.165475048,5.104732617,ALFAM21
8.3,40,18.6,90.5,0,23.5,3.157000421,4.505349851,Yang et al.3
7.9,32.4,15.4,190.4,1,23.4,3.152736022,5.249127122,ALFAM21
6.5,24,16.4,152.4,1,23.2,3.144152279,5.026508643,ALFAM21
5.8,31,15.8,167.5,1,22.9,3.131136911,5.120983351,ALFAM21
7.1,30,25,88.4,1,22.7,3.122364924,4.48187197,Häni et al.9
7,100,12.9,108.4,1,22.6,3.117949906,4.685828089,ALFAM21
6.4,24,9.7,142.8,1,22.5,3.113515309,4.96144505,ALFAM21
7.1,32.5,7.7,115.6,1,22,3.091042453,4.750135956,ALFAM21
6.5,19,18.6,170,1,21.3,3.058707073,5.135798437,ALFAM21
6.5,19,18.4,218.9,1,21.2,3.054001182,5.388615005,ALFAM21
6.5,19,18.5,218.9,1,21.2,3.054001182,5.388615005,ALFAM21
6.8,14.5,11.9,129,1,20.9,3.039749159,4.859812404,ALFAM21
8,25.1,17.3,92.3,1,20.9,3.039749159,4.525044142,ALFAM21
6.1,50,16.3,100,1,20.5,3.020424886,4.605170186,Salazar et al.7
5.6,41,14,160.4,1,20.5,3.020424886,5.077670695,ALFAM21
7.1,30,11,90,1,20.4,3.015534901,4.49980967,Häni et al.9
7.9,32.4,15.4,190.4,1,19.9,2.990719732,5.249127122,ALFAM21
6.5,23,12.5,144.7,1,19.9,2.990719732,4.974662634,ALFAM21
6.5,24,16.4,151.7,1,19.3,2.960105096,5.021904886,ALFAM21
5.5,47,6.7,167.8,1,19.2,2.954910279,5.122772794,ALFAM21
5.8,31,16.1,134,1,19.2,2.954910279,4.8978398,ALFAM21
6.5,31,6.2,143.8,1,19.1,2.949688335,4.968423445,ALFAM21
6.5,19,18.2,182.8,1,19,2.944438979,5.208392659,ALFAM21
6.4,16.2,11.9,110.9,1,18.9,2.939161922,4.708628894,ALFAM21
7.1,30,10,93,1,18.9,2.939161922,4.532599493,Häni et al.9
6.5,24,16.4,145.2,1,18.6,2.923161581,4.978112102,ALFAM21
7.9,32.4,15.4,190.4,1,18.6,2.923161581,5.249127122,ALFAM21
6.9,30,20,78,1,18.6,2.923161581,4.356708827,Häni et al.9
7.1,13.8,12.8,188.3,1,18.4,2.912350665,5.238036436,ALFAM21
6.5,19,18.2,182.8,1,18.3,2.90690106,5.208392659,ALFAM21
6.6,17,11.9,105.3,1,18,2.890371758,4.656813419,ALFAM21
8,25.9,5.8,221.4,1,17.8,2.879198457,5.39997102,ALFAM21
5.8,10,17.5,193,1,17.7,2.87356464,5.262690189,ALFAM21
6.5,31,6.2,143.8,1,17.4,2.856470206,4.968423445,ALFAM21
8,29.6,6.2,160.2,1,17.3,2.850706502,5.076423035,ALFAM21
5.8,31,16.1,134,1,17,2.833213344,4.8978398,ALFAM21
6.5,19,18.2,182.8,1,16.8,2.821378886,5.208392659,ALFAM21
5.8,10,17.1,105.9,1,16.6,2.809402695,4.662495253,ALFAM21
7.9,32.4,15.4,190.4,1,16.6,2.809402695,5.249127122,ALFAM21
7.2,32.5,7.8,115.6,1,16.5,2.803360381,4.750135956,ALFAM21
6.5,19,18.5,218.9,1,16.4,2.797281335,5.388615005,ALFAM21
5.5,47,6.7,204.8,1,16.3,2.791165108,5.322033893,ALFAM21
7.2,32.5,7.9,115.6,1,16.1,2.778819272,4.750135956,ALFAM21
5.8,31,16.1,152.8,1,16,2.772588722,5.029129877,ALFAM21
8.1,60,15.5,120,0,16,2.772588722,4.787491743,Badagliacca et al.12
6.1,50,16.3,100,0,15.9,2.766319109,4.605170186,Salazar et al.7
5.7,50,9.7,100,1,15.8,2.76000994,4.605170186,Martínez-Lagos et al.11
5.8,31,15.8,192,1,15.8,2.76000994,5.257495372,ALFAM21
8,28.5,9.8,126.1,1,15.7,2.753660712,4.837075243,ALFAM21
8,29.6,6.2,160.2,1,15.7,2.753660712,5.076423035,ALFAM21
5.8,10,17.4,172.1,1,15.5,2.740840024,5.148075703,ALFAM21
6.5,23,12.5,143.6,1,15.5,2.740840024,4.967031657,ALFAM21
5.8,31,16.1,142.8,1,15.4,2.734367509,4.96144505,ALFAM21
8,29.6,6.2,160.2,1,15.3,2.727852828,5.076423035,ALFAM21
5.8,10,17.5,114.7,1,15.3,2.727852828,4.742320024,ALFAM21
5.8,31,16.1,197.5,1,15.2,2.721295428,5.285738584,ALFAM21
6.9,30,20,58.9,1,15.2,2.721295428,4.075841091,Häni et al.9
8,25.1,17.3,92.3,1,15.2,2.721295428,4.525044142,ALFAM21
5.8,23,9.7,161.4,1,15.1,2.714694744,5.083885756,ALFAM21
5.8,10,17.5,114.7,1,15.1,2.714694744,4.742320024,ALFAM21
5.8,31,16.2,134,1,15,2.708050201,4.8978398,ALFAM21
8,25.9,5.8,94.7,1,14.9,2.701361213,4.550714,ALFAM21
6.1,20,23.3,144.7,1,14.8,2.694627181,4.974662634,ALFAM21
7.2,30,10,93,1,14.8,2.694627181,4.532599493,Häni et al.9
6.5,31,6.2,132,1,14.7,2.687847494,4.882801923,ALFAM21
5.8,10,12.1,124.6,1,14.6,2.681021529,4.825108606,ALFAM21
5.8,31,16.2,184.6,1,14.4,2.667228207,5.218191322,ALFAM21
8,25.9,5.8,94.7,1,14.4,2.667228207,4.550714,ALFAM21
6.1,20,23.3,143.6,1,14.2,2.653241965,4.967031657,ALFAM21
5.8,10,17.4,172.1,1,14.2,2.653241965,5.148075703,ALFAM21
5.8,10,17.5,114.7,1,14.1,2.646174797,4.742320024,ALFAM21
8,100,17.9,126.4,1,14.1,2.646174797,4.839451482,ALFAM21
6.5,31,6.1,132,1,14.1,2.646174797,4.882801923,ALFAM21
6.5,19,18.6,170,1,14.1,2.646174797,5.135798437,ALFAM21
6.1,40,16,140,1,14,2.63905733,4.941642423,Gericke et al.14
8,28.5,9.8,126.1,1,13.9,2.63188884,4.837075243,ALFAM21
7.2,20.3,17.5,130.6,1,13.9,2.63188884,4.872139217,ALFAM21
5.8,10,17.1,105.9,1,13.8,2.624668592,4.662495253,ALFAM21
6.1,20,23.3,140.4,1,13.8,2.624668592,4.944495492,ALFAM21
5.8,31,15.2,238.6,1,13.7,2.617395833,5.47478851,ALFAM21
6.5,31,6.2,143.8,1,13.3,2.587764035,4.968423445,ALFAM21
6.1,40,16,140,1,13.3,2.587764035,4.941642423,Gericke et al.14
8,29.6,6.2,66.3,1,13.3,2.587764035,4.194189897,ALFAM21
7.2,32.5,7.8,115.6,1,13.2,2.58021683,4.750135956,ALFAM21
5.8,10,17.5,172.1,1,13.2,2.58021683,5.148075703,ALFAM21
6.1,30,19.2,142,1,13.2,2.58021683,4.955827058,ALFAM21
5.6,41,14,160.4,1,13.1,2.57261223,5.077670695,ALFAM21
5.8,10,17,158.9,1,13.1,2.57261223,5.068275074,ALFAM21
5.8,31,16.1,174.9,1,13,2.564949357,5.164214382,ALFAM21
5.8,10,17.2,158.9,1,12.9,2.557227311,5.068275074,ALFAM21
7.1,24.7,15.3,67.5,1,12.9,2.557227311,4.212127598,Rodhe et al.15
6.6,30,19,65,1,12.9,2.557227311,4.17438727,Häni et al.9
5.8,31,15.8,167.5,1,12.7,2.541601993,5.120983351,ALFAM21
6.5,40,15,140,1,12.6,2.533696814,4.941642423,Ni et al.16
5.8,10,17,52.9,1,12.6,2.533696814,3.968403339,ALFAM21
6.5,17,21,191.8,1,12.6,2.533696814,5.256453162,ALFAM21
6.1,20,23.3,143.4,1,12.6,2.533696814,4.965637928,ALFAM21
5.8,10,17.5,114.7,1,12.6,2.533696814,4.742320024,ALFAM21
6.5,31,6.1,132,1,12.5,2.525728644,4.882801923,ALFAM21
5.8,31,16.2,142.8,1,12.4,2.517696473,4.96144505,ALFAM21
6.5,17,21,191.8,1,12.4,2.517696473,5.256453162,ALFAM21
5.8,31,16.2,142.8,1,12.4,2.517696473,4.96144505,ALFAM21
5.8,23,9.7,184.5,1,12.3,2.509599262,5.217649463,ALFAM21
5.6,63.3,16.8,100,0,12.2,2.501435952,4.605170186,Salazar et al.6
5.8,10,16.9,105.9,1,12.1,2.493205453,4.662495253,ALFAM21
7.1,24.7,8.4,115,1,12,2.48490665,4.744932128,Webb et al.2
5.8,10,17.5,172.1,1,11.9,2.4765384,5.148075703,ALFAM21
6.1,24.9,10.7,116,1,11.8,2.468099531,4.753590191,ALFAM21
6.5,17,20.7,149.5,1,11.8,2.468099531,5.007296393,ALFAM21
8,25.2,12,136.6,1,11.7,2.459588842,4.917056947,ALFAM21
5.6,41,14,160.4,1,11.6,2.451005098,5.077670695,ALFAM21
5.8,23,19.8,109.6,1,11.6,2.451005098,4.696837375,ALFAM21
5.8,10,12.1,127.8,1,11.6,2.451005098,4.850466542,ALFAM21
6.5,21,23,150,1,11.5,2.442347035,5.010635294,ALFAM21
5.8,10,12.1,73,1,11.5,2.442347035,4.290459441,ALFAM21
6.5,23,12.5,143.4,1,11.4,2.433613355,4.965637928,ALFAM21
8,20.2,16.9,164,1,11.4,2.433613355,5.099866428,ALFAM21
6.5,24,16.4,97.4,1,11.4,2.433613355,4.578826211,ALFAM21
5.8,31,15.3,143.3,1,11.4,2.433613355,4.964940335,ALFAM21
7.1,28.3,16.1,102,1,11.3,2.424802726,4.624972813,ALFAM21
7.2,30.6,10.5,110.1,1,11.3,2.424802726,4.701389044,ALFAM21
6.5,21,23,144.7,1,11.3,2.424802726,4.974662634,ALFAM21
6.5,17,20.8,149.5,1,11.3,2.424802726,5.007296393,ALFAM21
5.8,10,17.4,193,1,11.2,2.415913778,5.262690189,ALFAM21
7.6,30.7,9.2,141.4,1,11.2,2.415913778,4.951592753,ALFAM21
8.2,23,13,117,0,11.1,2.406945108,4.762173935,Huo et al.13
5.8,10,12.2,157.4,1,11.1,2.406945108,5.058790336,ALFAM21
5.8,23,9.7,184.5,1,11,2.397895273,5.217649463,ALFAM21
5.8,10,12.1,127.8,1,11,2.397895273,4.850466542,ALFAM21
6.5,17,20.9,191.8,1,10.9,2.388762789,5.256453162,ALFAM21
7.1,32.5,7.7,115.6,1,10.9,2.388762789,4.750135956,ALFAM21
5.8,31,16.1,184.6,1,10.9,2.388762789,5.218191322,ALFAM21
5.8,10,12.2,157.4,1,10.8,2.379546134,5.058790336,ALFAM21
6.5,17,20.9,149.5,1,10.7,2.370243741,5.007296393,ALFAM21
8,25.9,5.8,94.7,1,10.7,2.370243741,4.550714,ALFAM21
6.1,22.8,10.7,109.2,1,10.7,2.370243741,4.693181063,ALFAM21
6.5,21,23,143.6,1,10.7,2.370243741,4.967031657,ALFAM21
7.2,20.3,17.5,130.6,1,10.7,2.370243741,4.872139217,ALFAM21
8,20.2,16.8,89.4,1,10.6,2.360854001,4.493120682,ALFAM21
5.8,31,15.9,192,1,10.6,2.360854001,5.257495372,ALFAM21
5.8,23,9.7,161.4,1,10.6,2.360854001,5.083885756,ALFAM21
5.8,23,9.7,184.5,1,10.5,2.351375257,5.217649463,ALFAM21
6.5,23,12.5,150,1,10.5,2.351375257,5.010635294,ALFAM21
7.1,32.5,7.7,115.6,1,10.4,2.341805806,4.750135956,ALFAM21
5.8,23,9.7,184.5,1,10.4,2.341805806,5.217649463,ALFAM21
5.8,10,12.1,124.6,1,10.3,2.332143895,4.825108606,ALFAM21
5.8,23,19.5,174.3,1,10.3,2.332143895,5.160777953,ALFAM21
7.2,26.5,16.1,102,1,10.3,2.332143895,4.624972813,ALFAM21
7.2,20.4,21.6,130.3,1,10.3,2.332143895,4.869839484,ALFAM21
6.5,17,20.8,149.5,1,10.2,2.32238772,5.007296393,ALFAM21
5.8,23,19.9,109.6,1,10.2,2.32238772,4.696837375,ALFAM21
6.1,24.9,10.7,116,1,10.2,2.32238772,4.753590191,ALFAM21
6.5,21,23,140.4,1,10.2,2.32238772,4.944495492,ALFAM21
5.8,10,17.5,193,1,10.1,2.312535424,5.262690189,ALFAM21
7.9,100,10.5,135.9,1,10.1,2.312535424,4.911919321,ALFAM21
7.1,26.6,12.5,130.7,1,10.1,2.312535424,4.872904621,ALFAM21
6.5,40,15,140,1,10.1,2.312535424,4.941642423,Ni et al.16
6.5,40,8,140,1,10.1,2.312535424,4.941642423,Ni et al.16
8.1,60,15.5,80,0,10,2.302585093,4.382026635,Badagliacca et al.12
6.5,40,15,140,1,10,2.302585093,4.941642423,Ni et al.16
6.1,26.9,9.9,110.9,1,9.9,2.292534757,4.708628894,ALFAM21
5.8,10,12.1,54.8,1,9.9,2.292534757,4.003690194,ALFAM21
5.8,10,12.1,124.6,1,9.9,2.292534757,4.825108606,ALFAM21
7.2,20.3,17.5,130.6,1,9.8,2.282382386,4.872139217,ALFAM21
6.5,24,16.4,151.7,1,9.8,2.282382386,5.021904886,ALFAM21
8,28.5,10,149.1,1,9.7,2.272125886,5.004617222,ALFAM21
5.8,23,9.7,161.4,1,9.6,2.261763098,5.083885756,ALFAM21
8,20.2,16.9,164,1,9.5,2.251291799,5.099866428,ALFAM21
5.8,10,12.1,54.8,1,9.5,2.251291799,4.003690194,ALFAM21
8,25.1,17.4,92.3,1,9.5,2.251291799,4.525044142,ALFAM21
7.1,26.6,12.5,130.7,1,9.5,2.251291799,4.872904621,ALFAM21
5.8,10,12.1,127.8,1,9.4,2.240709689,4.850466542,ALFAM21
5.8,23,19.9,109.6,1,9.4,2.240709689,4.696837375,ALFAM21
6.5,28,2.2,124.2,1,9.4,2.240709689,4.821893169,ALFAM21
7.2,20.4,21.6,130.3,1,9.4,2.240709689,4.869839484,ALFAM21
8,25.2,12,136.6,1,9.4,2.240709689,4.917056947,ALFAM21
5.8,23,19.5,174.3,1,9.4,2.240709689,5.160777953,ALFAM21
8,20.2,16.8,89.4,1,9.3,2.2300144,4.493120682,ALFAM21
5.8,23,19.5,174.3,1,9.3,2.2300144,5.160777953,ALFAM21
5.8,10,12.3,157.4,1,9.3,2.2300144,5.058790336,ALFAM21
8.2,100,16.7,108.9,1,9.3,2.2300144,4.69043003,ALFAM21
6.1,23,10.7,157.6,1,9.3,2.2300144,5.060060177,ALFAM21
6.5,28,2.2,124.2,1,9.2,2.219203484,4.821893169,ALFAM21
6.5,23,12.5,140.4,1,9.2,2.219203484,4.944495492,ALFAM21
6.5,28,2.2,124.3,1,9.1,2.208274414,4.822697999,ALFAM21
7.1,28.8,12.1,110.1,1,9.1,2.208274414,4.701389044,ALFAM21
5.8,23,9.8,161.4,1,9.1,2.208274414,5.083885756,ALFAM21
6.8,30,20,69.6,1,9,2.197224577,4.242764567,Häni et al.9
8.2,56.6,5.1,115.1,1,9,2.197224577,4.745801316,ALFAM21
5.6,41,14,160.4,1,9,2.197224577,5.077670695,ALFAM21
6.5,30,5.1,111.2,1,9,2.197224577,4.711330382,ALFAM21
8,20.2,16.9,164,1,8.9,2.186051277,5.099866428,ALFAM21
5.8,23,19.8,109.6,1,8.9,2.186051277,4.696837375,ALFAM21
6.1,40,2.7,120,1,8.9,2.186051277,4.787491743,Gericke et al.14
6.1,26.9,9.9,110.9,1,8.9,2.186051277,4.708628894,ALFAM21
6.5,17,20.8,115.3,1,8.8,2.174751721,4.747537427,ALFAM21
8,29.6,6.2,66.3,1,8.8,2.174751721,4.194189897,ALFAM21
6.1,40,2.7,120,1,8.8,2.174751721,4.787491743,Gericke et al.14
8,20.2,16.8,89.4,1,8.7,2.163323026,4.493120682,ALFAM21
5.8,10,12.1,127.8,1,8.7,2.163323026,4.850466542,ALFAM21
6.1,50,14.3,100,1,8.7,2.163323026,4.605170186,Salazar et al.7
5.8,31,5.8,167.4,1,8.6,2.151762203,5.120386158,ALFAM21
7.2,20.4,21.6,130.3,1,8.6,2.151762203,4.869839484,ALFAM21
5.8,23,8.8,188.4,1,8.6,2.151762203,5.238567362,ALFAM21
6.5,30,5.1,111.2,1,8.6,2.151762203,4.711330382,ALFAM21
7.1,28.3,16.1,102,1,8.6,2.151762203,4.624972813,ALFAM21
6.5,40,8,140,1,8.5,2.140066163,4.941642423,Ni et al.16
8,28.5,9.8,126.1,1,8.5,2.140066163,4.837075243,ALFAM21
7.1,30,15,44,1,8.5,2.140066163,3.784189634,Häni et al.9
5.8,10,12.2,157.4,1,8.4,2.128231706,5.058790336,ALFAM21
6.5,21,23,143.4,1,8.4,2.128231706,4.965637928,ALFAM21
6.1,23,10.7,157.6,1,8.4,2.128231706,5.060060177,ALFAM21
6.5,17,20.4,95.5,1,8.4,2.128231706,4.559126247,ALFAM21
5.8,23,19.9,73,1,8.4,2.128231706,4.290459441,ALFAM21
6.1,28.3,9.9,121.8,1,8.4,2.128231706,4.802380355,ALFAM21
7.1,30,16,54,1,8.3,2.116255515,3.988984047,Häni et al.9
7.1,26.6,12.5,130.7,1,8.3,2.116255515,4.872904621,ALFAM21
5.8,10,12.1,54.8,1,8.2,2.104134154,4.003690194,ALFAM21
6.1,24.2,10.7,116.3,1,8.2,2.104134154,4.75617306,ALFAM21
5.8,28,14.6,177.5,1,8.1,2.091864062,5.178970609,ALFAM21
6.1,30,19.2,140.1,1,8.1,2.091864062,4.942356453,ALFAM21
6.9,30,19,59.8,1,8.1,2.091864062,4.091005661,Häni et al.9
6.5,17,20.8,115.3,1,8.1,2.091864062,4.747537427,ALFAM21
8,25.2,12,87.3,1,8,2.079441542,4.469350463,ALFAM21
7,10.8,12.8,76.8,1,8,2.079441542,4.34120464,ALFAM21
6.1,24.2,10.7,116.3,1,8,2.079441542,4.75617306,ALFAM21
7.2,30.6,10.5,110.1,1,7.9,2.066862759,4.701389044,ALFAM21
6.5,40,17,110,0,7.8,2.054123734,4.700480366,Ni et al.16
6.5,17,20.8,191.8,1,7.8,2.054123734,5.256453162,ALFAM21
5.8,31,15.3,178.3,1,7.8,2.054123734,5.183467525,ALFAM21
6.1,30,19.2,140.5,1,7.8,2.054123734,4.945207489,ALFAM21
7.3,30,14,64,1,7.7,2.041220329,4.158883083,Häni et al.9
6.4,42.6,10,100,0,7.7,2.041220329,4.605170186,Salazar et al.6
5.8,10,12.1,73,1,7.7,2.041220329,4.290459441,ALFAM21
6.5,30,5.1,111.2,1,7.7,2.041220329,4.711330382,ALFAM21
5.8,23,19.9,91.3,1,7.7,2.041220329,4.514150788,ALFAM21
5.8,23,19.9,91.3,1,7.7,2.041220329,4.514150788,ALFAM21
6.5,40,8,140,1,7.7,2.041220329,4.941642423,Ni et al.16
5.8,10,12.1,124.6,1,7.6,2.028148247,4.825108606,ALFAM21
5.8,10,16.9,52.9,1,7.6,2.028148247,3.968403339,ALFAM21
5.8,31,5.3,170.7,1,7.6,2.028148247,5.13990763,ALFAM21
6.1,40,5.3,120,1,7.6,2.028148247,4.787491743,Gericke et al.14
5.3,50,9.4,100,1,7.6,2.028148247,4.605170186,Martínez-Lagos et al.11
6.5,28,2.2,124.2,1,7.6,2.028148247,4.821893169,ALFAM21
5.8,10,12.3,74.7,1,7.6,2.028148247,4.313480092,ALFAM21
6.5,30,4.4,130,1,7.6,2.028148247,4.86753445,ALFAM21
5.8,23,8.9,188.4,1,7.6,2.028148247,5.238567362,ALFAM21
7.1,28.8,12.1,110.1,1,7.5,2.014903021,4.701389044,ALFAM21
6.1,40,18.5,80,1,7.5,2.014903021,4.382026635,Gericke et al.14
7,12,12.8,83.6,1,7.5,2.014903021,4.42604352,ALFAM21
7.8,100,0.3,109.1,1,7.5,2.014903021,4.692264893,ALFAM21
6.5,30,4.6,89,1,7.4,2.00148,4.48863637,ALFAM21
5.8,10,12.3,74.7,1,7.4,2.00148,4.313480092,ALFAM21
7.3,30,2,67.5,1,7.3,1.987874348,4.212127598,Häni et al.9
6.5,30,5,111.2,1,7.3,1.987874348,4.711330382,ALFAM21
6.1,40,5.3,120,1,7.3,1.987874348,4.787491743,Gericke et al.14
6.1,50,10.6,100,1,7.3,1.987874348,4.605170186,Salazar et al.7
6.5,30,4.7,89,1,7.3,1.987874348,4.48863637,ALFAM21
5.8,23,19.8,73,1,7.3,1.987874348,4.290459441,ALFAM21
6.5,40,17,110,0,7.3,1.987874348,4.700480366,Ni et al.16
6.5,30,4.5,130,1,7.2,1.974081026,4.86753445,ALFAM21
5.8,10,12.1,73,1,7.2,1.974081026,4.290459441,ALFAM21
5.6,41,14,160.4,1,7.2,1.974081026,5.077670695,ALFAM21
6.1,40,18.5,80,1,7.1,1.960094784,4.382026635,Gericke et al.14
6.5,24,16.4,145.2,1,7,1.945910149,4.978112102,ALFAM21
5.8,31,5.8,167.4,1,7,1.945910149,5.120386158,ALFAM21
8,28.5,9.8,149.1,1,7,1.945910149,5.004617222,ALFAM21
7.3,30,21,55.1,1,7,1.945910149,4.009149716,Häni et al.9
8,100,17.3,112.7,1,6.9,1.931521412,4.724729421,ALFAM21
8,28.5,9.8,149.1,1,6.9,1.931521412,5.004617222,ALFAM21
8,29.6,6.2,66.3,1,6.9,1.931521412,4.194189897,ALFAM21
6.5,17,20.6,95.5,1,6.8,1.916922612,4.559126247,ALFAM21
7.4,100,10.2,106.5,1,6.8,1.916922612,4.668144985,ALFAM21
5.8,31,5.3,170.7,1,6.8,1.916922612,5.13990763,ALFAM21
6.1,27.4,9.9,118.4,1,6.8,1.916922612,4.774068722,ALFAM21
5.8,23,19.9,36.5,1,6.8,1.916922612,3.597312261,ALFAM21
6.1,30,19.2,139.2,1,6.8,1.916922612,4.935911748,ALFAM21
5.5,47,6.7,204.8,1,6.8,1.916922612,5.322033893,ALFAM21
6.5,40,17,110,0,6.7,1.902107526,4.700480366,Ni et al.16
6.1,27.8,9.9,111.4,1,6.7,1.902107526,4.713127327,ALFAM21
5.8,28,14.6,165.4,1,6.5,1.871802177,5.108366783,ALFAM21
6.1,22.8,10.7,109.2,1,6.5,1.871802177,4.693181063,ALFAM21
6.5,28,1.6,116.7,1,6.5,1.871802177,4.759606539,ALFAM21
6.1,29.5,9.9,115.9,1,6.5,1.871802177,4.75272775,ALFAM21
6.5,24,16.4,97.4,1,6.3,1.840549633,4.578826211,ALFAM21
5.6,41,14,160.4,1,6.3,1.840549633,5.077670695,ALFAM21
5.8,23,19.8,73,1,6.3,1.840549633,4.290459441,ALFAM21
7.2,30.6,10.5,110.1,1,6.2,1.824549292,4.701389044,ALFAM21
7.7,30,2,49.4,1,6.2,1.824549292,3.899950424,Häni et al.9
6.5,17,20.5,95.5,1,6.2,1.824549292,4.559126247,ALFAM21
6.1,30,19.2,139.9,1,6.2,1.824549292,4.940927882,ALFAM21
6.5,30,4.5,130,1,6.2,1.824549292,4.86753445,ALFAM21
6.1,27.4,9.9,118.4,1,6.2,1.824549292,4.774068722,ALFAM21
6.1,24.5,10.7,118.3,1,6.1,1.808288771,4.773223771,ALFAM21
5.8,28,14.6,165.4,1,6.1,1.808288771,5.108366783,ALFAM21
5.8,31,15.3,178.3,1,6.1,1.808288771,5.183467525,ALFAM21
6.5,30,4.5,130,1,6.1,1.808288771,4.86753445,ALFAM21
7,15,11.7,103.2,1,6,1.791759469,4.636668853,Meade et al.17
5.5,50,8.7,100,1,6,1.791759469,4.605170186,Martínez-Lagos et al.11
6.5,30,4.8,89,1,6,1.791759469,4.48863637,ALFAM21
7.2,26.5,16.1,102,1,5.9,1.774952351,4.624972813,ALFAM21
5.5,25,12.2,92,1,5.9,1.774952351,4.521788577,Carozzi et al.5
7.7,30,21,35.1,1,5.9,1.774952351,3.55820113,Häni et al.9
8.2,23,13,122,0,5.8,1.757857918,4.804021045,Huo et al.13
7.3,30,23,46.4,1,5.8,1.757857918,3.837299459,Häni et al.9
5.8,23,19.7,99,1,5.7,1.740466175,4.59511985,ALFAM21
6.1,27.8,9.9,111.4,1,5.7,1.740466175,4.713127327,ALFAM21
6.8,30,16,69.6,1,5.7,1.740466175,4.242764567,Häni et al.9
5.8,10,12.2,74.7,1,5.6,1.722766598,4.313480092,ALFAM21
6.5,40,15,140,1,5.6,1.722766598,4.941642423,Ni et al.16
5.8,23,8.9,188.4,1,5.5,1.704748092,5.238567362,ALFAM21
5.9,15.8,7.8,204.1,1,5.5,1.704748092,5.31861007,ALFAM21
5.8,23,19.9,73,1,5.4,1.686398954,4.290459441,ALFAM21
5.8,23,19.8,36.5,1,5.4,1.686398954,3.597312261,ALFAM21
6.5,17,20.8,115.3,1,5.3,1.667706821,4.747537427,ALFAM21
7.2,30,20,70.2,1,5.3,1.667706821,4.251348311,Häni et al.9
5.8,23,19.7,99,1,5.3,1.667706821,4.59511985,ALFAM21
7.3,30,13,56,1,5.2,1.648658626,4.025351691,Häni et al.9
7.2,30,9,55.1,1,5.2,1.648658626,4.009149716,Häni et al.9
6.1,24.5,10.7,118.3,1,5.2,1.648658626,4.773223771,ALFAM21
5.8,28,14.6,177.5,1,5.1,1.62924054,5.178970609,ALFAM21
5.8,10,12.1,73,1,5,1.609437912,4.290459441,ALFAM21
5.8,31,5.8,167.4,1,5,1.609437912,5.120386158,ALFAM21
6.5,21,13.3,121.3,1,4.9,1.589235205,4.798266816,ALFAM21
5.8,28,14.6,177.5,1,4.9,1.589235205,5.178970609,ALFAM21
7,12.9,12.8,82.9,1,4.9,1.589235205,4.417635062,ALFAM21
7.1,30,16,64,1,4.8,1.568615918,4.158883083,Häni et al.9
6.1,40,16.7,120,1,4.8,1.568615918,4.787491743,Gericke et al.14
7.3,30,17,49.6,1,4.7,1.547562509,3.903990834,Häni et al.9
6.5,24,16.4,97.4,1,4.7,1.547562509,4.578826211,ALFAM21
7.3,30,13,56,1,4.6,1.526056303,4.025351691,Häni et al.9
6.4,14.7,11.9,94.4,1,4.6,1.526056303,4.547541073,ALFAM21
8,14.9,10.2,103.9,1,4.5,1.504077397,4.643428898,ALFAM21
7.2,26.5,16.1,102,1,4.5,1.504077397,4.624972813,ALFAM21
5.8,28,14.6,75.4,1,4.5,1.504077397,4.322807275,ALFAM21
6.1,40,16.7,120,1,4.5,1.504077397,4.787491743,Gericke et al.14
5.8,28,14.6,165.4,1,4.5,1.504077397,5.108366783,ALFAM21
5.8,28,14.6,37.7,1,4.5,1.504077397,3.629660094,ALFAM21
8,25.2,12,87.3,1,4.3,1.458615023,4.469350463,ALFAM21
5.8,23,19.9,36.5,1,4.3,1.458615023,3.597312261,ALFAM21
6.5,21,13.3,121.3,1,4.3,1.458615023,4.798266816,ALFAM21
6.1,28.3,9.9,121.8,1,4.3,1.458615023,4.802380355,ALFAM21
7.6,30,2,55,1,4.3,1.458615023,4.007333185,Häni et al.9
6.5,28,1.7,116.7,1,4.2,1.435084525,4.759606539,ALFAM21
7.3,30,9,48.6,1,4.2,1.435084525,3.883623531,Häni et al.9
7.3,30,16,46.4,1,4.2,1.435084525,3.837299459,Häni et al.9
5.8,23,19.9,36.5,1,4,1.386294361,3.597312261,ALFAM21
5.8,10,12.1,54.8,1,3.9,1.360976553,4.003690194,ALFAM21
6.5,21,13.4,121.3,1,3.9,1.360976553,4.798266816,ALFAM21
7.2,30,15,59.4,1,3.9,1.360976553,4.084294226,Häni et al.9
7.7,30,23,24.7,1,3.9,1.360976553,3.206803244,Häni et al.9
6.5,28,2,94.8,1,3.9,1.360976553,4.551769409,ALFAM21
5.8,23,19.8,99,1,3.8,1.335001067,4.59511985,ALFAM21
8,22,12.3,66,1,3.7,1.30833282,4.189654742,Carozzi et al.5
5.8,28,14.6,111.9,1,3.6,1.280933845,4.717605615,ALFAM21
6.5,28,2,94.7,1,3.6,1.280933845,4.550714,ALFAM21
7.5,25.5,19.6,191.8,1,3.5,1.252762968,5.256453162,ALFAM21
5.8,28,14.6,111.9,1,3.5,1.252762968,4.717605615,ALFAM21
7.8,14.7,30.2,200,0,3.5,1.252762968,5.298317367,Roelcke et al.18
5.8,10,16.9,52.9,1,3.4,1.223775432,3.968403339,ALFAM21
6.5,28,2,94.7,1,3.4,1.223775432,4.550714,ALFAM21
7.5,36,19.2,139,1,3.4,1.223775432,4.934473933,Carozzi et al.5
7,30,15,44.8,1,3.4,1.223775432,3.802208139,Häni et al.9
8.3,20,13.4,180,0,3.3,1.193922468,5.192956851,Yang et al.3
7.1,30,15,75.4,1,3.3,1.193922468,4.322807275,Häni et al.9
5.8,28,14.6,177.5,1,3.3,1.193922468,5.178970609,ALFAM21
5.8,28,14.6,75.4,1,3.2,1.16315081,4.322807275,ALFAM21
7,9,12.8,65.5,1,3.2,1.16315081,4.182050143,ALFAM21
7.1,28.8,12.1,110.1,1,3.2,1.16315081,4.701389044,ALFAM21
6.5,30,4.7,86.6,1,3.2,1.16315081,4.461299816,ALFAM21
6.5,30,4.6,59.3,1,3.1,1.131402111,4.082609306,ALFAM21
6.1,50,8.5,100,1,3.1,1.131402111,4.605170186,Salazar et al.7
5.8,31,5.6,170.7,1,3,1.098612289,5.13990763,ALFAM21
7.1,28.3,16.1,102,1,2.9,1.064710737,4.624972813,ALFAM21
5.8,28,14.6,37.7,1,2.8,1.029619417,3.629660094,ALFAM21
5.8,28,14.6,81.1,1,2.8,1.029619417,4.395682961,ALFAM21
7.7,30,7,47.6,1,2.7,0.993251773,3.862832761,Häni et al.9
6.5,30,4.6,43.3,1,2.7,0.993251773,3.768152635,ALFAM21
6.5,28,2,94.8,1,2.7,0.993251773,4.551769409,ALFAM21
5.8,28,14.6,81.1,1,2.7,0.993251773,4.395682961,ALFAM21
8.3,16,22.5,180,0,2.7,0.993251773,5.192956851,Yang et al.3
5.8,28,14.6,37.7,1,2.5,0.916290732,3.629660094,ALFAM21
7.7,30,23,29.9,1,2.4,0.875468737,3.39785848,Häni et al.9
5.8,28,14.6,111.9,1,2.4,0.875468737,4.717605615,ALFAM21
7.7,30,22,36.4,1,2.4,0.875468737,3.594568775,Häni et al.9
5.8,28,14.6,81.1,1,2.3,0.832909123,4.395682961,ALFAM21
6.5,40,8,140,1,2.3,0.832909123,4.941642423,Ni et al.16
6.5,21,13.4,119.2,1,2.3,0.832909123,4.780802755,ALFAM21
7.8,14.7,30.2,100,0,2.3,0.832909123,4.605170186,Roelcke et al.18
6.8,30,10,33.6,1,2.2,0.78845736,3.514526067,Häni et al.9
8,25.2,12,87.3,1,2.1,0.741937345,4.469350463,ALFAM21
5.8,28,14.6,75.4,1,2.1,0.741937345,4.322807275,ALFAM21
5.8,28,14.6,37.7,1,2,0.693147181,3.629660094,ALFAM21
6.5,30,4.7,29.7,1,2,0.693147181,3.391147046,ALFAM21
5.8,28,14.6,111.9,1,2,0.693147181,4.717605615,ALFAM21
6.5,21,13.4,119.2,1,1.9,0.641853886,4.780802755,ALFAM21
7.8,30,7,28.6,1,1.8,0.587786665,3.353406718,Häni et al.9
6.1,50,8.5,100,0,1.8,0.587786665,4.605170186,Salazar et al.7
6.5,21,13.4,119.2,1,1.8,0.587786665,4.780802755,ALFAM21
7.2,30,14,20.9,1,1.7,0.530628251,3.039749159,Häni et al.9
7.7,30,20,32.2,1,1.6,0.470003629,3.471966453,Häni et al.9
7.7,30,20,24.7,1,1.6,0.470003629,3.206803244,Häni et al.9
8,25.2,12,136.6,1,1.5,0.405465108,4.917056947,ALFAM21
6.9,30,10,26.6,1,1.5,0.405465108,3.280911216,Häni et al.9
7.2,30,14,27,1,1.5,0.405465108,3.295836866,Häni et al.9
6.4,42.6,9.2,100,0,1.4,0.336472237,4.605170186,Salazar et al.6
6.5,21,13.4,121.3,1,1.4,0.336472237,4.798266816,ALFAM21
7.7,30,7,54.4,1,1.3,0.262364264,3.996364154,Häni et al.9
7.8,30,24,31.2,1,1.2,0.182321557,3.440418095,Häni et al.9
7.8,18.5,10.6,100,0,1.1,0.09531018,4.605170186,Roelcke et al.18
6.9,30,20,33.6,1,1,0,3.514526067,Häni et al.9
6.9,30,21,32.4,1,0.8,-0.223143551,3.478158423,Häni et al.9
7.3,30,14,22,1,0.7,-0.356674944,3.091042453,Häni et al.9
6.8,30,10,32.5,1,0.7,-0.356674944,3.481240089,Häni et al.9
